-- Registros de exemplo
-- Quaisquer registros que devem ser inseridos no banco de dados durante a instalação da aplicação devem ser colocados aqui

-- Gerador de CPF e CNPJ: http://www.geradordecpf.org/
-- Gerador de hash SHA-1: http://www.sha1-online.com

-- Livros

INSERT INTO livro (id, ano, autor, edicao, editora, estoque, genero, isbn, preco, sinopse, titulo) VALUES (1, 2010, 'Deitel', 8, 'Prentice Hall', 0, 12, '9788576055631', 312, 'A oitava edição de Java - como programar, lançada pela Pearson Education, chega ao mercado com novo design e um traço inovador.', 'Java - Como Programar');
INSERT INTO livro (id, ano, autor, edicao, editora, estoque, genero, isbn, preco, sinopse, titulo) VALUES (2, 2013, 'Ricardo Lecheta', 3, 'Novatec', 30, 12, '9788575223444', 123, 'O Android é a plataforma open-source criada pelo Google para o desenvolvimento de aplicações para dispositivos móveis. É a nova sensação do momento e está revolucionando o desenvolvimento de aplicações.', 'Google Android');
INSERT INTO livro (id, ano, autor, edicao, editora, estoque, genero, isbn, preco, sinopse, titulo) VALUES (3, 2005, 'Sierra Kathy', 1, 'Alta Books', 5, 12, '9788576081739', 139, 'Use a Cabeça Java é uma experiência completa de aprendizado em programação orientada a objetos (OO) e Java.', 'Use a Cabeça Java');
INSERT INTO livro (id, ano, autor, edicao, editora, estoque, genero, isbn, preco, sinopse, titulo) VALUES (4, 2011, 'Andrew S. Tanenbaum', 5, 'Pearson Education', 50, 12, '9788576059240', 170, 'Este livro aborda as redes desenvolvidas a partir de 1990, explicando com elas funcionam internamente. Andrew Tanenbaum apresenta explicações detalhadas e exemplos baseados na Internet para facilitar a compreensão do leitor.', 'Redes de Computadores');
INSERT INTO livro (id, ano, autor, edicao, editora, estoque, genero, isbn, preco, sinopse, titulo) VALUES (5, 2006, 'Deitel', 5, 'Prentice Hall', 10, 12, '8576050560', 410, 'A melhor e mais respeitada introdução a C++, programação orientada a objetos (POO) e projeto orientado a objetos (OOD) com UML 2 utilizando o Deitel Live-Code.', 'C ++ Como Programar');
INSERT INTO livro (id, ano, autor, edicao, editora, estoque, genero, isbn, preco, sinopse, titulo) VALUES (6, 2013, 'Dan Brown', 1, 'Arqueiro', 20, 13, '9788580411522', 39.90, 'Neste novo e fascinante thriller Dan Brown retoma a mistura magistral de história, arte, códigos e símbolos que o consagrou em O código Da Vinci, Anjos e demônios e O símbolo perdido e faz de Inferno sua aposta mais alta até o momento.', 'Inferno');
INSERT INTO livro (id, ano, autor, edicao, editora, estoque, genero, isbn, preco, sinopse, titulo) VALUES (7, 2004, 'Dan Brown', 1, 'Arqueiro', 20, 13, '8575421131', 23.90, 'Um assassinato dentro do Museu do Louvre, em Paris, traz à tona uma sinistra conspiração para revelar um segredo que foi protegido por uma sociedade secreta desde os tempos de Jesus Cristo.' , 'O Código da Vinci');
INSERT INTO livro (id, ano, autor, edicao, editora, estoque, genero, isbn, preco, sinopse, titulo) VALUES (8, 2004, 'Dan Brown', 1, 'Arqueiro', 1, 13, '8575421468', 23.90, 'Antes de decifrar O Código Da Vinci, Robert Langdon, o famoso professor de simbologia de Harvard, vive sua primeira aventura em Anjos e Demônios, quando tenta impedir que uma antiga sociedade secreta destrua a Cidade do Vaticano.', 'Anjos e Demônios');
INSERT INTO livro (id, ano, autor, edicao, editora, estoque, genero, isbn, preco, sinopse, titulo) VALUES (9, 2007, 'Mario Puzo', 1, 'Bestbolso', 2, 13, '8577990192', 25, 'A mais perfeita reconstituição da Cosa Nostra, a Máfia americana, e do mundo alucinante criado por cinco famílias do mafiosi em guerra em Nova York.', 'O Poderoso Chefão');
INSERT INTO livro (id, ano, autor, edicao, editora, estoque, genero, isbn, preco, sinopse, titulo) VALUES (10, 2005, 'Bruna Surfistinha', 1, 'Panda Books', 60, 15, '9788576950172', 27.10, 'Neste livro você vai conhecer detalhes reveladores da menina de classe média alta que trocou os finais de semana com a família no Guarujá para se prostituir aos 17 anos.', 'O Doce Veneno do Escorpião');
INSERT INTO livro (id, ano, autor, edicao, editora, estoque, genero, isbn, preco, sinopse, titulo) VALUES (11, 2009, 'C. S. Lewis', 2, 'Martins Fontes', 10, 13, '9788578270698', 29.9, 'Narnia - onde um dragão desperta, onde as estrelas andam na terra e onde tudo pode acontecer!\n\n50 anos após a primeira aparição das Crônicas de Nárnia, as fabulosas histórias do país do Leão Aslan também fazem parte da biblioteca dos adultos.', 'As Crônicas de Nárnia - Volume Único');
INSERT INTO livro (id, ano, autor, edicao, editora, estoque, genero, isbn, preco, sinopse, titulo) VALUES (12, 2010, 'Nicholas Sparks', 1, 'Novo Conceito', 5, 13, '9788563219077', 21.8999999999999986, 'Aos 17 anos, Verônica Miller, ou simplesmente Ronnie, vê sua vida virar de cabeça para baixo quando seus pais se divorciam e seu pai decide se mudar para a praia de Wrightsville, na Carolina do Norte.', 'A Última Música');
INSERT INTO livro (id, ano, autor, edicao, editora, estoque, genero, isbn, preco, sinopse, titulo) VALUES (13, 2011, 'Nicholas Sparks', 1, 'Novo Conceito', 7, 13, '9788563219268', 15.2100000000000009, 'Cada mês de abril, quando o vento sopra do mar e se mistura com o perfume de violetas, Landon Carter recorda seu último ano na High Beaufort. Isso era 1958 e Landon já tinha namorado uma ou duas meninas. Ele sempre jurou que já tinha se apaixonado antes.', 'Um Amor Para Recordar');
INSERT INTO livro (id, ano, autor, edicao, editora, estoque, genero, isbn, preco, sinopse, titulo) VALUES (14, 2007, 'Markus Zusak', 1, 'Intrinseca', 50, 13, '9788598078175', 26.8999999999999986, 'Entre 1939 e 1943, Liesel Meminger encontrou a Morte três vezes.', 'A Menina que Roubava Livros');
INSERT INTO livro (id, ano, autor, edicao, editora, estoque, genero, isbn, preco, sinopse, titulo) VALUES (15, 2008, 'William P. Young', 1, 'Sextante', 2, 13, '9788599296363', 14.9000000000000004, 'Durante uma viagem de fim de semana, a filha mais nova de Mack Allen Phillips é raptada e evidências de que ela foi brutalmente assassinada são encontradas numa cabana abandonada.', 'A Cabana');
INSERT INTO livro (id, ano, autor, edicao, editora, estoque, genero, isbn, preco, sinopse, titulo) VALUES (16, 2009, 'Stephenie Meyer', 1, 'Intrinseca', 1, 13, '9788598078765', 39.8999999999999986, 'Crepúsculo desafiou a imaginação. Lua nova deixou os leitores sedentos por mais. Eclipse transformou a série em um fenômeno global. Agora, Amanhecer!', 'Amanhecer');

ALTER SEQUENCE livro_id_seq RESTART WITH 17;

-- Endereços

INSERT INTO endereco (id, bairro, cep, cidade, estado, logradouro, numero) VALUES (1, 'Centro', '49010-450', 'Aracaju', 'SE', 'Rua Siriri', 1085); -- Fornecedor Importe Books
INSERT INTO endereco (id, bairro, cep, cidade, estado, logradouro, numero) VALUES (2, 'Getúlio Vargas', '49055-340', 'Aracaju', 'SE', 'Av Mamede Paes Mendonça', 988); -- Fornecedor G W Distribuidora de Livros
INSERT INTO endereco (id, bairro, cep, cidade, estado, logradouro, numero) VALUES (3, 'Centro', '49010-150', 'Aracaju', 'SE', 'Rua Pacatuba', 254); -- Fornecedor LS Comércio Varejista de Livros Ltda
INSERT INTO endereco (id, bairro, cep, cidade, estado, logradouro, numero) VALUES (4, 'Siqueira Campos', '49075-460', 'Aracaju', 'SE', 'Rua Pernambuco', 86); -- Usuário Cliente
INSERT INTO endereco (id, bairro, cep, cidade, estado, logradouro, numero) VALUES (5, 'América', '49075-460', 'Aracaju', 'SE', 'Rua Pernambuco', 86); -- Usuário João Roberto
INSERT INTO endereco (id, bairro, cep, cidade, estado, logradouro, numero) VALUES (6, 'Luzia', '49045-550', 'Aracaju', 'SE', 'Rua Padre Caldas', 4); -- Usuário José
INSERT INTO endereco (id, bairro, cep, cidade, estado, logradouro, numero) VALUES (7, 'Coroa do Meio', '49035-355', 'Aracaju', 'SE', 'Rua Dr Bezerra de Menezes', 563); -- Usuário Maria
INSERT INTO endereco (id, bairro, cep, cidade, estado, logradouro, numero) VALUES (8, 'Ponto Novo', '49045-015', 'Aracaju', 'SE', 'Rua Nestor Sampaio', 92); -- Usuário Vandicleidissonilson Júnior
INSERT INTO endereco (id, bairro, cep, cidade, estado, logradouro, numero) VALUES (9, 'Centro', '11111-111', 'Aracaju', 'SE', 'Rua Laranjeiras', 1); -- Usuário Admin
INSERT INTO endereco (id, bairro, cep, cidade, estado, logradouro, numero) VALUES (10, 'Bugio', '49091-030', 'Aracaju', 'SE', 'Rua I4', 172); -- Usuário Funcionário

ALTER SEQUENCE endereco_id_seq RESTART WITH 11;

-- Fornecedores

INSERT INTO fornecedor (id, cnpj, email, nome, telefone, endereco_id) VALUES (1, '58.794.135/0001-56', 'importe@books.com.br', 'Importe Books', '(79) 3222-4441', 1); -- Importe Books
INSERT INTO fornecedor (id, cnpj, email, nome, telefone, endereco_id) VALUES (2, '85.148.688/0001-04', 'gw@distribuidora.com.br', 'G W Distribuidora de Livros', '(79) 3224-3165', 2); -- G W Distribuidora de Livros
INSERT INTO fornecedor (id, cnpj, email, nome, telefone, endereco_id) VALUES (3, '94.127.677/0001-39', 'lscomercio@varejo.com.br', 'LS Comércio Varejista de Livros Ltda', '(79) 3211-9968', 3); -- LS Comércio Varejista de Livros Ltda

ALTER SEQUENCE fornecedor_id_seq RESTART WITH 4;

-- Usuários
-- 7c4a8d09ca3762af61e59520943dc26494f8941b = SHA-1 para 123456

INSERT INTO usuario (id, tipo, cpf, data_nascimento, email, nome, rg, senha, telefone, endereco_id) VALUES (1, 2, '714.863.041-09', '1990/08/04', 'cliente@sigeli.com', 'Cliente', '73284902', '7c4a8d09ca3762af61e59520943dc26494f8941b', '(79) 3728-2920', 4); -- Usuário cliente@sigeli.com senha 123456
INSERT INTO usuario (id, tipo, cpf, data_nascimento, email, nome, rg, senha, telefone, endereco_id) VALUES (2, 2, '442.971.762-11', '1973/04/21', 'joaoroberto@hotmail.com', 'João Roberto', '596731', '7c4a8d09ca3762af61e59520943dc26494f8941b', '(79) 3211-4054', 5); -- Usuário joaoroberto@hotmail.com senha 123456
INSERT INTO usuario (id, tipo, cpf, data_nascimento, email, nome, rg, senha, telefone, endereco_id) VALUES (3, 2, '745.103.634-00', '1950/06/13', 'jose@gmail.com', 'José', '32338972', '7c4a8d09ca3762af61e59520943dc26494f8941b', '(79) 9807-1234', 6); -- Usuário jose@gmail.com senha 123456
INSERT INTO usuario (id, tipo, cpf, data_nascimento, email, nome, rg, senha, telefone, endereco_id) VALUES (4, 2, '343.221.791-93', '1961/12/25', 'maria@yahoo.com.br', 'Maria', '1234567', '7c4a8d09ca3762af61e59520943dc26494f8941b', '(79) 3041-1223', 7); -- Usuário maria@yahoo.com.br senha 123456
INSERT INTO usuario (id, tipo, cpf, data_nascimento, email, nome, rg, senha, telefone, endereco_id) VALUES (5, 2, '875.817.032-40', '1992/08/19', 'vandicleidissonilson@ufs.br', 'Vandicleidissonilson Júnior', '7654321', '7c4a8d09ca3762af61e59520943dc26494f8941b', '(79) 8765-4321', 8); -- Usuário vandicleidissonilson@ufs.br senha 123456
INSERT INTO usuario (id, tipo, cpf, data_nascimento, email, nome, rg, senha, telefone, endereco_id) VALUES (6, 1, '343.867.652-47', '1899/12/31', 'admin@sigeli.com', 'Admin', '5687291', 'd033e22ae348aeb5660fc2140aec35850c4da997', '(79) 1234-5678', 9); -- Usuário admin@sigeli.com Senha admin
INSERT INTO usuario (id, tipo, cpf, data_nascimento, email, nome, rg, senha, telefone, endereco_id) VALUES (7, 1, '822.191.538-60', '1992/05/01', 'funcionario@sigeli.com', 'Funcionário', '4506389', '3802bbe7c14128ebd50dbfdd4db95c1ffdc8425b', '(79) 9817-6458', 10); -- Usuário funcionario@sigeli.com Senha funcionario

ALTER SEQUENCE usuario_id_seq RESTART WITH 8;

-- Clientes

INSERT INTO cliente (id, data_cadastro) VALUES (1, '2014/02/13'); -- Cliente
INSERT INTO cliente (id, data_cadastro) VALUES (2, '2014/02/14'); -- Cliente
INSERT INTO cliente (id, data_cadastro) VALUES (3, '2014/02/15'); -- Cliente
INSERT INTO cliente (id, data_cadastro) VALUES (4, '2014/02/16'); -- Cliente
INSERT INTO cliente (id, data_cadastro) VALUES (5, '2014/02/17'); -- Cliente

-- Funcionários

INSERT INTO funcionario (id, permissao) VALUES (6, 0); -- Admin
INSERT INTO funcionario (id, permissao) VALUES (7, 1); -- Funcionário

-- Movimentações

INSERT INTO movimentacao (id, tipo, data) VALUES (1, 1, '2014/02/12 13:00'); -- Compra 1
INSERT INTO movimentacao (id, tipo, data) VALUES (2, 1, '2014/02/12 13:05'); -- Compra 2
INSERT INTO movimentacao (id, tipo, data) VALUES (3, 1, '2014/02/12 15:32'); -- Compra 3
INSERT INTO movimentacao (id, tipo, data) VALUES (4, 2, '2014/02/13 08:10'); -- Venda 1
INSERT INTO movimentacao (id, tipo, data) VALUES (5, 2, '2014/02/14 19:31'); -- Venda 2
INSERT INTO movimentacao (id, tipo, data) VALUES (6, 2, '2014/02/15 15:56'); -- Venda 3
INSERT INTO movimentacao (id, tipo, data) VALUES (7, 2, '2014/02/16 20:17'); -- Venda 4
INSERT INTO movimentacao (id, tipo, data) VALUES (8, 2, '2014/02/17 13:00'); -- Venda 5

ALTER SEQUENCE movimentacao_id_seq RESTART WITH 9;

-- Itens de livros

INSERT INTO itemlivro (id, preco_efetivo, quantidade, movimentacao_id, livro_id) VALUES (1, 280, 1, 1, 1); -- Compra 1
INSERT INTO itemlivro (id, preco_efetivo, quantidade, movimentacao_id, livro_id) VALUES (2, 100, 32, 1, 2);
INSERT INTO itemlivro (id, preco_efetivo, quantidade, movimentacao_id, livro_id) VALUES (3, 110, 8, 1, 3);
INSERT INTO itemlivro (id, preco_efetivo, quantidade, movimentacao_id, livro_id) VALUES (4, 150, 51, 1, 4);
INSERT INTO itemlivro (id, preco_efetivo, quantidade, movimentacao_id, livro_id) VALUES (5, 360, 11, 1, 5);
INSERT INTO itemlivro (id, preco_efetivo, quantidade, movimentacao_id, livro_id) VALUES (6, 29.9, 22, 1, 6);
INSERT INTO itemlivro (id, preco_efetivo, quantidade, movimentacao_id, livro_id) VALUES (7, 15.8, 23, 2, 7); -- Compra 2
INSERT INTO itemlivro (id, preco_efetivo, quantidade, movimentacao_id, livro_id) VALUES (8, 16.8, 3, 2, 8);
INSERT INTO itemlivro (id, preco_efetivo, quantidade, movimentacao_id, livro_id) VALUES (9, 20, 3, 2, 9);
INSERT INTO itemlivro (id, preco_efetivo, quantidade, movimentacao_id, livro_id) VALUES (10, 23.4, 75, 2, 10);
INSERT INTO itemlivro (id, preco_efetivo, quantidade, movimentacao_id, livro_id) VALUES (11, 25.5, 10, 2, 11);
INSERT INTO itemlivro (id, preco_efetivo, quantidade, movimentacao_id, livro_id) VALUES (12, 16.6, 5, 3, 12); -- Compra 3
INSERT INTO itemlivro (id, preco_efetivo, quantidade, movimentacao_id, livro_id) VALUES (13, 10.9, 7, 3, 13);
INSERT INTO itemlivro (id, preco_efetivo, quantidade, movimentacao_id, livro_id) VALUES (14, 26.9, 50, 3, 14);
INSERT INTO itemlivro (id, preco_efetivo, quantidade, movimentacao_id, livro_id) VALUES (15, 12.1, 2, 3, 15);
INSERT INTO itemlivro (id, preco_efetivo, quantidade, movimentacao_id, livro_id) VALUES (16, 34.5, 1, 3, 16);
INSERT INTO itemlivro (id, preco_efetivo, quantidade, movimentacao_id, livro_id) VALUES (17, 312, 1, 4, 1); -- Venda 1
INSERT INTO itemlivro (id, preco_efetivo, quantidade, movimentacao_id, livro_id) VALUES (18, 246, 2, 4, 2);
INSERT INTO itemlivro (id, preco_efetivo, quantidade, movimentacao_id, livro_id) VALUES (19, 417, 3, 5, 3); -- Venda 2
INSERT INTO itemlivro (id, preco_efetivo, quantidade, movimentacao_id, livro_id) VALUES (20, 170, 1, 5, 4);
INSERT INTO itemlivro (id, preco_efetivo, quantidade, movimentacao_id, livro_id) VALUES (21, 410, 1, 6, 5); -- Venda 3
INSERT INTO itemlivro (id, preco_efetivo, quantidade, movimentacao_id, livro_id) VALUES (22, 79.80, 2, 6, 6);
INSERT INTO itemlivro (id, preco_efetivo, quantidade, movimentacao_id, livro_id) VALUES (23, 71.70, 3, 7, 7); -- Venda 4
INSERT INTO itemlivro (id, preco_efetivo, quantidade, movimentacao_id, livro_id) VALUES (24, 47.80, 2, 7, 8);
INSERT INTO itemlivro (id, preco_efetivo, quantidade, movimentacao_id, livro_id) VALUES (25, 25, 1, 8, 9); -- Venda 5
INSERT INTO itemlivro (id, preco_efetivo, quantidade, movimentacao_id, livro_id) VALUES (26, 27.1, 15, 8, 10);

ALTER SEQUENCE itemlivro_id_seq RESTART WITH 27;

-- Compras

INSERT INTO compra(id, fornecedor_id, funcionario_id) VALUES (1, 1, 6);
INSERT INTO compra(id, fornecedor_id, funcionario_id) VALUES (2, 2, 6);
INSERT INTO compra(id, fornecedor_id, funcionario_id) VALUES (3, 3, 7);

-- Vendas

INSERT INTO venda(id, cliente_id) VALUES (4, 1);
INSERT INTO venda(id, cliente_id) VALUES (5, 2);
INSERT INTO venda(id, cliente_id) VALUES (6, 3);
INSERT INTO venda(id, cliente_id) VALUES (7, 4);
INSERT INTO venda(id, cliente_id) VALUES (8, 5);

-- Boletos

INSERT INTO boleto(id, data_pagamento, status_pagamento, venda_id) VALUES (1, '2014/02/14', 0, 4);
INSERT INTO boleto(id, data_pagamento, status_pagamento, venda_id) VALUES (2, '2014/02/17', 2, 5);
INSERT INTO boleto(id, status_pagamento, venda_id) VALUES (3, 1, 6);
INSERT INTO boleto(id, data_pagamento, status_pagamento, venda_id) VALUES (4, '2014/02/16', 0, 7);
INSERT INTO boleto(id, data_pagamento, status_pagamento, venda_id) VALUES (5, '2013/02/17', 2, 8);

ALTER SEQUENCE boleto_id_seq RESTART WITH 6;